{
  "version": 1,
  "author": "Uri Shaked",
  "editor": "wokwi",
  "parts": [
    {
      "type": "wokwi-pi-pico",
      "id": "pico",
      "top": 20,
      "left": 60,
      "attrs": { "env": "arduino-community" }
    },
    { "type": "wokwi-led", "id": "led1", "top": 3, "left": 0, "attrs": { "color": "red" } },
    { "type": "wokwi-led", "id": "led2", "top": 48, "left": 0, "attrs": { "color": "yellow" } },
    { "type": "wokwi-led", "id": "led3", "top": 98, "left": 0, "attrs": { "color": "green" } },
    {
      "type": "board-ssd1306",
      "id": "oled1",
      "top": 185.54,
      "left": -124.57,
      "attrs": { "i2cAddress": "0x3c" }
    }
  ],
  "connections": [
    [ "pico:GND.1", "led1:C", "black", [] ],
    [ "pico:GP1", "led1:A", "blue", [] ],
    [ "pico:GND.2", "led2:C", "black", [] ],
    [ "pico:GP5", "led2:A", "blue", [] ],
    [ "pico:GND.3", "led3:C", "black", [] ],
    [ "pico:GP9", "led3:A", "blue", [] ],
    [ "$serialMonitor:RX", "pico:GP0", "", [] ],
    [ "oled1:SDA", "pico:GP14", "green", [ "v0" ] ],
    [ "pico:GP15", "oled1:SCL", "green", [ "h-75.6", "v-51.95", "h-57.6" ] ],
    [ "oled1:VCC", "pico:3V3_EN", "red", [ "v0" ] ],
    [ "oled1:GND", "pico:GND.4", "black", [ "v0" ] ]
  ],
  "dependencies": {}
}